{"cameraMode":{"drawMode":0,"name":"Shaded","section":"Shading Mode"},"sceneLighting":true,"audioPlay":false,"sceneViewState":{"showFog":true,"showMaterialUpdate":false,"showSkybox":true,"showFlares":true,"showImageEffects":true,"showParticleSystems":true},"in2DMode":false,"pivot":{"x":-5.16819953918457,"y":6.040921211242676,"z":10.148515701293946},"rotation":{"x":-0.07790367305278778,"y":0.02093411050736904,"z":0.001635066349990666,"w":0.9967398047447205},"size":2.22566556930542,"orthographic":false}