{"cameraMode":{"drawMode":0,"name":"Shaded","section":"Shading Mode"},"sceneLighting":true,"audioPlay":false,"sceneViewState":{"showFog":true,"showMaterialUpdate":false,"showSkybox":true,"showFlares":true,"showImageEffects":true,"showParticleSystems":true},"in2DMode":false,"pivot":{"x":-0.2959612309932709,"y":6.507641792297363,"z":9.870340347290039},"rotation":{"x":-0.07790367305278778,"y":0.02093411050736904,"z":0.001635066349990666,"w":0.9967398047447205},"size":9.425668716430664,"orthographic":false}